City_ID,City,Lat,Lng,Max Temp,Humidity,Cloudiness,Wind Speed,Country,Date
0,Norilsk,69.3535,88.2027,-26.07,73,57,8.7,RU,2021-01-31 18:13:41
1,Bredasdorp,-34.5322,20.0403,66.0,91,37,5.01,ZA,2021-01-31 18:13:41
2,Hami,42.8,93.45,25.48,79,7,7.27,CN,2021-01-31 18:13:42
3,Jamestown,42.097,-79.2353,30.99,74,90,14.97,US,2021-01-31 18:13:42
4,Aldan,58.6031,125.3894,-46.95,78,100,1.66,RU,2021-01-31 18:13:42
5,Soubre,5.7856,-6.6083,87.22,57,50,5.53,CI,2021-01-31 18:13:43
6,Rikitea,-23.1203,-134.9692,78.71,66,11,9.4,PF,2021-01-31 18:13:44
7,Georgetown,5.4112,100.3354,80.6,83,20,6.91,MY,2021-01-31 18:08:59
8,Castro,-24.7911,-50.0119,73.36,75,98,10.51,BR,2021-01-31 18:10:23
9,Saldanha,-33.0117,17.9442,66.56,89,28,6.31,ZA,2021-01-31 18:08:59
10,Qasigiannguit,68.8193,-51.1922,8.6,52,90,21.85,GL,2021-01-31 18:13:45
11,Port Macquarie,-31.4333,152.9167,69.01,99,67,4.09,AU,2021-01-31 18:09:00
12,Albany,42.6001,-73.9662,18.0,52,99,3.65,US,2021-01-31 18:10:06
13,Samarkand,39.6542,66.9597,50.0,66,90,4.61,UZ,2021-01-31 18:13:46
14,Dikson,73.5069,80.5464,-27.85,78,35,8.7,RU,2021-01-31 18:09:00
15,Ibb,13.9667,44.1833,62.96,62,6,1.72,YE,2021-01-31 18:13:46
16,Nome,64.5011,-165.4064,-5.8,59,1,8.05,US,2021-01-31 18:09:01
17,La Ronge,55.1001,-105.2842,14.0,85,48,3.44,CA,2021-01-31 18:09:01
18,Tura,25.5198,90.2201,53.71,41,0,1.66,IN,2021-01-31 18:13:47
19,Aksarka,66.5606,67.7975,-14.58,89,93,8.08,RU,2021-01-31 18:13:48
20,Puerto Ayora,-0.7393,-90.3518,84.2,70,0,8.05,EC,2021-01-31 18:13:48
21,Hilo,19.7297,-155.09,68.0,83,90,9.22,US,2021-01-31 18:13:40
22,Atuona,-9.8,-139.0333,78.24,75,38,18.07,PF,2021-01-31 18:13:49
23,Thompson,55.7435,-97.8558,14.0,85,90,2.3,CA,2021-01-31 18:13:50
24,Muros,42.7762,-9.0603,57.99,87,100,11.99,ES,2021-01-31 18:09:01
25,Port Elizabeth,-33.918,25.5701,69.8,83,0,13.8,ZA,2021-01-31 18:13:50
26,Riyadh,24.6877,46.7219,64.4,27,0,3.44,SA,2021-01-31 18:11:39
27,Lethem,3.3803,-59.7968,90.77,49,66,13.47,GY,2021-01-31 18:09:03
28,Luderitz,-26.6481,15.1594,67.95,66,0,24.07,NA,2021-01-31 18:13:52
29,Bluff,-46.6,168.3333,55.26,82,96,6.49,NZ,2021-01-31 18:13:52
30,Norman Wells,65.282,-126.8329,-20.2,76,75,2.3,CA,2021-01-31 18:13:53
31,Tabas,33.5959,56.9244,55.4,28,20,6.91,IR,2021-01-31 18:13:53
32,Cerete,8.8848,-75.7905,92.89,42,44,5.93,CO,2021-01-31 18:13:54
33,Yellowknife,62.456,-114.3525,-8.0,84,75,5.75,CA,2021-01-31 18:13:54
34,Praia,14.9215,-23.5087,78.8,50,0,18.41,CV,2021-01-31 18:13:55
35,Victoria,22.2855,114.1577,64.99,76,41,10.29,HK,2021-01-31 18:11:11
36,Dubbo,-32.25,148.6167,69.8,83,40,14.97,AU,2021-01-31 18:13:56
37,Punta Arenas,-53.15,-70.9167,57.2,54,0,27.63,CL,2021-01-31 18:13:56
38,Port Alfred,-33.5906,26.891,69.01,80,7,3.0,ZA,2021-01-31 18:09:05
39,Hobart,-42.8794,147.3294,60.8,72,30,5.75,AU,2021-01-31 18:09:06
40,Puerto Del Rosario,28.5004,-13.8627,71.6,56,0,11.5,ES,2021-01-31 18:13:05
41,Isangel,-19.55,169.2667,78.01,81,69,13.58,VU,2021-01-31 18:13:58
42,Hithadhoo,-0.6,73.0833,82.74,76,100,13.8,MV,2021-01-31 18:13:58
43,Busselton,-33.65,115.3333,63.0,81,0,1.01,AU,2021-01-31 18:10:05
44,Bukachacha,52.9833,116.9167,-24.16,81,80,3.4,RU,2021-01-31 18:12:13
45,Ilulissat,69.2167,-51.1,8.6,52,90,21.85,GL,2021-01-31 18:13:59
46,Fukue,32.6881,128.8419,57.72,71,78,23.58,JP,2021-01-31 18:09:07
47,Villa Carlos Paz,-31.4241,-64.4978,68.0,82,95,1.99,AR,2021-01-31 18:14:00
48,Mahajanga,-15.7167,46.3167,80.6,83,20,4.61,MG,2021-01-31 18:14:00
49,Namibe,-15.1961,12.1522,74.5,74,99,8.99,AO,2021-01-31 18:14:01
50,Lugovoy,42.9472,72.7644,38.71,67,100,2.66,KZ,2021-01-31 18:14:01
51,Stege,54.987,12.2846,34.0,10,0,13.6,DK,2021-01-31 18:14:02
52,Vaini,-21.2,-175.2,77.0,94,90,8.05,TO,2021-01-31 18:09:08
53,Bengkulu,-3.8004,102.2655,75.85,85,100,5.1,ID,2021-01-31 18:14:02
54,Murray Bridge,-35.1167,139.2667,60.01,95,99,5.95,AU,2021-01-31 18:14:03
55,Kapaa,22.0752,-159.319,72.0,83,40,14.97,US,2021-01-31 18:14:03
56,Carnarvon,-24.8667,113.6333,86.0,51,19,18.41,AU,2021-01-31 18:14:04
57,San Jose,37.3394,-121.895,59.0,51,75,13.8,US,2021-01-31 18:10:00
58,Kavieng,-2.5744,150.7967,83.1,81,98,10.96,PG,2021-01-31 18:14:04
59,Neuquen,-38.9516,-68.0591,66.2,63,75,11.5,AR,2021-01-31 18:09:09
60,Hermanus,-34.4187,19.2345,66.0,91,38,5.01,ZA,2021-01-31 18:14:05
61,Kahului,20.8947,-156.47,71.6,73,20,9.22,US,2021-01-31 18:09:09
62,Krutinka,56.0055,71.5113,3.85,94,39,6.73,RU,2021-01-31 18:14:06
63,A Coruna,43.3713,-8.396,60.01,72,75,16.11,ES,2021-01-31 18:09:10
64,Nhulunbuy,-12.2333,136.7667,77.0,94,80,4.61,AU,2021-01-31 18:09:10
65,Kaeo,-35.1,173.7833,55.0,93,0,5.01,NZ,2021-01-31 18:14:07
66,Srednekolymsk,67.45,153.6833,-27.99,85,100,6.49,RU,2021-01-31 18:14:08
67,San Patricio,28.017,-97.5169,77.0,23,1,11.5,US,2021-01-31 18:14:08
68,Sao Joao Da Barra,-21.6403,-41.0511,87.8,48,0,23.02,BR,2021-01-31 18:14:09
69,Douentza,14.9951,-2.9517,79.25,14,81,6.08,ML,2021-01-31 18:14:09
70,Cabo San Lucas,22.8909,-109.9124,71.6,73,75,4.61,MX,2021-01-31 18:12:23
71,Kampene,-3.6,26.6667,72.54,88,100,0.96,CD,2021-01-31 18:09:11
72,Barrow,71.2906,-156.7887,-16.6,69,90,6.91,US,2021-01-31 18:09:11
73,Longyearbyen,78.2186,15.6401,-4.0,45,20,17.27,SJ,2021-01-31 18:14:10
74,Lorengau,-2.0226,147.2712,82.15,82,100,9.37,PG,2021-01-31 18:09:12
75,Utrecht,52.0,5.25,33.01,86,100,3.0,NL,2021-01-31 18:09:34
76,Kununurra,-15.7667,128.7333,78.8,87,65,4.61,AU,2021-01-31 18:14:11
77,Sal Rei,16.1833,-22.9167,77.0,57,0,17.27,CV,2021-01-31 18:14:12
78,Khatanga,71.9667,102.5,-44.18,79,48,5.23,RU,2021-01-31 18:14:12
79,Mandalgovi,45.7625,106.2708,-11.76,77,31,20.65,MN,2021-01-31 18:14:13
80,Astana,51.1801,71.446,1.4,85,100,6.71,KZ,2021-01-31 18:14:13
81,Klaksvik,62.2266,-6.589,26.6,68,75,5.75,FO,2021-01-31 18:14:13
82,Matara,5.9485,80.5353,75.52,88,1,5.97,LK,2021-01-31 18:14:14
83,Vila Velha,-20.3297,-40.2925,89.01,62,20,20.71,BR,2021-01-31 18:14:14
84,Vila Franca Do Campo,37.7167,-25.4333,64.0,88,75,16.11,PT,2021-01-31 18:14:15
85,Ushuaia,-54.8,-68.3,53.6,58,75,3.44,AR,2021-01-31 18:09:23
86,Elizabethton,36.3487,-82.2107,48.2,71,90,6.91,US,2021-01-31 18:14:16
87,Bathsheba,13.2167,-59.5167,84.2,58,20,24.16,BB,2021-01-31 18:14:17
88,Tuktoyaktuk,69.4541,-133.0374,-31.0,75,75,2.3,CA,2021-01-31 18:14:17
89,Saint Andrews,34.0454,-81.1293,46.4,93,90,2.73,US,2021-01-31 18:14:18
90,Grand-Santi,4.25,-54.3833,85.19,69,32,5.35,GF,2021-01-31 18:14:18
91,Luwuk,-0.9516,122.7875,79.12,69,100,4.88,ID,2021-01-31 18:14:18
92,Portland,45.5234,-122.6762,50.0,87,90,16.11,US,2021-01-31 18:10:20
93,Cayenne,4.9333,-52.3333,82.4,74,75,12.66,GF,2021-01-31 18:12:27
94,Khorixas,-20.3667,14.9667,71.91,47,45,18.63,NA,2021-01-31 18:14:19
95,Mar Del Plata,-38.0023,-57.5575,64.4,68,90,17.27,AR,2021-01-31 18:14:03
96,Hasaki,35.7333,140.8333,35.6,55,75,10.36,JP,2021-01-31 18:12:35
97,Namangan,40.9983,71.6726,41.0,52,100,5.23,UZ,2021-01-31 18:14:20
98,Provideniya,64.3833,-173.3,-7.55,87,100,23.8,RU,2021-01-31 18:14:20
99,Okhotsk,59.3833,143.3,-14.12,77,0,16.28,RU,2021-01-31 18:14:21
100,Half Moon Bay,37.4636,-122.4286,57.99,62,1,9.69,US,2021-01-31 18:14:21
101,Kalga,50.9251,118.898,-26.32,80,0,5.06,RU,2021-01-31 18:14:22
102,Madimba,-10.4,40.3333,79.39,84,79,10.51,TZ,2021-01-31 18:14:22
103,Olinda,-8.0089,-34.8553,82.4,61,40,11.5,BR,2021-01-31 18:14:22
104,Punta Alta,-38.8759,-62.0736,70.7,39,93,19.77,AR,2021-01-31 18:14:22
105,Palmas,-10.2128,-48.3603,80.6,78,75,6.91,BR,2021-01-31 18:14:23
106,Leningradskiy,69.3833,178.4167,-23.17,85,67,9.24,RU,2021-01-31 18:14:23
107,Arman,59.7,150.1667,-15.68,75,100,13.0,RU,2021-01-31 18:14:23
108,Cuamba,-14.8031,36.5372,72.63,94,96,5.01,MZ,2021-01-31 18:14:24
109,New Norfolk,-42.7826,147.0587,55.99,70,45,2.06,AU,2021-01-31 18:14:24
110,Yudong,29.385,106.5194,50.0,93,100,4.47,CN,2021-01-31 18:14:24
111,Qandala,11.472,49.8728,73.27,60,0,6.96,SO,2021-01-31 18:14:24
112,Adrar,20.5022,-10.0711,77.04,16,24,6.53,MR,2021-01-31 18:14:25
113,Lompoc,34.6391,-120.4579,53.01,81,1,8.05,US,2021-01-31 18:14:25
114,Ushtobe,45.2514,77.9838,25.57,84,100,5.26,KZ,2021-01-31 18:14:25
115,Khandbari,27.3747,87.2039,47.41,60,21,2.37,NP,2021-01-31 18:14:25
116,Penapolis,-21.4197,-50.0775,89.4,51,82,5.1,BR,2021-01-31 18:14:25
117,Yumen,40.2833,97.2,23.61,66,0,8.59,CN,2021-01-31 18:14:26
118,Comodoro Rivadavia,-45.8667,-67.5,73.4,49,40,20.71,AR,2021-01-31 18:14:26
119,Rock Springs,41.5875,-109.2029,26.6,63,1,2.93,US,2021-01-31 18:14:26
120,Bosaso,11.2842,49.1816,73.29,66,0,5.26,SO,2021-01-31 18:14:26
121,Cape Town,-33.9258,18.4232,71.01,94,90,9.22,ZA,2021-01-31 18:13:22
122,Gemena,3.25,19.7667,80.4,50,60,1.74,CD,2021-01-31 18:14:26
123,Codrington,-38.2667,141.9667,52.05,87,33,7.29,AU,2021-01-31 18:14:27
124,Correntina,-13.3433,-44.6367,90.46,34,28,2.73,BR,2021-01-31 18:14:27
125,Touros,-5.1989,-35.4608,86.0,54,20,16.11,BR,2021-01-31 18:14:27
126,Nikolskoye,59.7035,30.7861,25.0,93,90,8.95,RU,2021-01-31 18:14:27
127,General Roca,-39.0333,-67.5833,68.0,60,75,8.05,AR,2021-01-31 18:14:28
128,Omsukchan,62.5333,155.8,-38.6,77,100,6.49,RU,2021-01-31 18:14:28
129,Saint-Philippe,-21.3585,55.7679,80.6,65,0,8.05,RE,2021-01-31 18:14:28
130,Miedzyrzecz,52.4446,15.578,24.01,100,8,5.7,PL,2021-01-31 18:09:49
131,Upernavik,72.7868,-56.1549,0.46,92,100,8.72,GL,2021-01-31 18:12:35
132,Pacific Grove,36.6177,-121.9166,55.99,71,1,2.68,US,2021-01-31 18:10:22
133,Along,28.1667,94.7667,49.12,61,3,2.08,IN,2021-01-31 18:14:29
134,Date,42.4681,140.8681,22.64,89,58,6.96,JP,2021-01-31 18:14:29
135,Necochea,-38.5473,-58.7368,64.0,54,84,7.0,AR,2021-01-31 18:14:29
136,Ancud,-41.8697,-73.8203,69.8,43,0,6.91,CL,2021-01-31 18:14:30
137,Salinopolis,-0.6136,-47.3561,84.42,69,40,12.12,BR,2021-01-31 18:13:09
138,Tokmak,47.2514,35.7058,37.02,77,89,5.21,UA,2021-01-31 18:14:30
139,Havre-Saint-Pierre,50.2334,-63.5986,26.6,54,20,10.36,CA,2021-01-31 18:14:30
140,Lagoa,39.05,-27.9833,61.92,89,99,28.36,PT,2021-01-31 18:14:30
141,Guarapari,-20.6667,-40.4975,89.01,62,20,20.71,BR,2021-01-31 18:14:32
142,Chokwe,-24.5333,32.9833,80.56,81,100,5.59,MZ,2021-01-31 18:14:32
143,Methala,10.2166,76.2166,80.6,78,40,2.55,IN,2021-01-31 18:14:32
144,Obo,5.3998,26.4869,79.2,24,11,4.36,CF,2021-01-31 18:14:32
145,Torbay,47.6666,-52.7314,33.01,100,90,18.41,CA,2021-01-31 18:14:32
146,Saskylakh,71.9167,114.0833,-30.82,83,87,8.08,RU,2021-01-31 18:14:33
147,Ginda,30.6945,78.4932,41.47,50,0,5.61,IN,2021-01-31 18:14:33
148,East London,-33.0153,27.9116,73.4,88,0,3.44,ZA,2021-01-31 18:14:33
149,Port-Gentil,-0.7193,8.7815,84.2,79,40,9.28,GA,2021-01-31 18:14:34
150,Sai Buri,6.7013,101.6168,77.09,84,55,11.65,TH,2021-01-31 18:14:34
151,Fortuna,40.5982,-124.1573,53.01,93,75,25.32,US,2021-01-31 18:14:34
152,Mayumba,-3.432,10.6554,79.7,82,21,5.91,GA,2021-01-31 18:14:34
153,Auki,-8.7676,160.7034,79.97,83,100,11.95,SB,2021-01-31 18:14:34
154,Yinchuan,38.4681,106.2731,29.52,68,0,8.32,CN,2021-01-31 18:14:36
155,Arraial Do Cabo,-22.9661,-42.0278,86.0,51,0,23.02,BR,2021-01-31 18:14:36
156,Atar,20.5169,-13.0499,84.16,13,80,13.85,MR,2021-01-31 18:14:36
157,Araouane,18.9048,-3.5265,75.06,15,15,8.39,ML,2021-01-31 18:14:36
158,Jogindarnagar,31.9833,76.7667,50.05,42,16,4.07,IN,2021-01-31 18:14:36
159,Buritizeiro,-17.3511,-44.9622,88.2,45,77,3.51,BR,2021-01-31 18:14:37
160,San Cristobal,7.7669,-72.225,91.4,35,20,20.71,VE,2021-01-31 18:09:44
161,Hue,16.4667,107.6,68.0,94,75,2.3,VN,2021-01-31 18:14:37
162,Ust-Kuyga,70.0167,135.6,-38.04,80,98,4.21,RU,2021-01-31 18:14:37
163,Eureka,40.8021,-124.1637,54.0,76,90,16.11,US,2021-01-31 18:13:58
164,Bagotville,-28.9833,153.4167,69.8,83,90,6.91,AU,2021-01-31 18:14:38
165,Severo-Kurilsk,50.6789,156.125,21.74,94,98,41.11,RU,2021-01-31 18:14:38
166,Jaru,-10.4389,-62.4664,83.34,85,78,4.88,BR,2021-01-31 18:14:38
167,Tilichiki,60.4667,166.1,-9.69,91,100,19.26,RU,2021-01-31 18:09:29
168,Cervo,43.6702,-7.4101,55.99,90,54,11.01,ES,2021-01-31 18:09:30
169,Guerrero Negro,27.9769,-114.0611,65.03,35,92,1.45,MX,2021-01-31 18:09:30
170,Avarua,-21.2078,-159.775,78.8,94,20,1.14,CK,2021-01-31 18:09:30
171,Vila Do Maio,15.1333,-23.2167,78.8,50,0,18.41,CV,2021-01-31 18:09:30
172,Mao,39.8885,4.2658,57.2,58,0,13.8,ES,2021-01-31 18:09:30
173,Kodiak,57.79,-152.4072,26.6,54,1,5.75,US,2021-01-31 18:09:31
174,Manggar,-2.8833,108.2667,79.03,85,98,10.92,ID,2021-01-31 18:09:31
175,Faya,18.3851,42.4509,62.6,39,0,6.91,SA,2021-01-31 18:09:31
176,Chuy,-33.6971,-53.4616,69.1,85,100,16.98,UY,2021-01-31 18:09:31
177,Mingaora,34.7758,72.3625,48.97,46,100,5.19,PK,2021-01-31 18:09:31
178,Natal,-5.795,-35.2094,86.0,54,20,16.11,BR,2021-01-31 18:05:06
179,Sorland,67.667,12.6934,32.0,59,40,9.22,NO,2021-01-31 18:09:31
180,Lebu,-37.6167,-73.65,62.6,71,0,15.32,CL,2021-01-31 18:04:43
181,Kutum,14.2,24.6667,63.46,27,4,5.3,SD,2021-01-31 18:09:32
182,Blackwater,-23.5833,148.8833,70.39,81,0,7.52,AU,2021-01-31 18:09:32
183,Shache,38.4167,77.2406,25.68,80,62,3.65,CN,2021-01-31 18:09:32
184,Bambous Virieux,-20.3428,57.7575,81.0,78,40,12.66,MU,2021-01-31 18:09:32
185,Baherden,38.4362,57.4316,50.52,54,0,5.5,TM,2021-01-31 18:09:32
186,Mweka,-4.85,21.5667,71.74,96,93,1.28,CD,2021-01-31 18:09:33
187,Qaanaaq,77.484,-69.3632,-3.69,88,100,0.83,GL,2021-01-31 18:09:33
188,Sundsvall,62.3913,17.3063,12.0,85,0,4.61,SE,2021-01-31 18:09:33
189,Rio Gallegos,-51.6226,-69.2181,75.2,17,0,21.85,AR,2021-01-31 18:06:16
190,Fayaoue,-20.65,166.5333,78.58,79,77,22.95,NC,2021-01-31 18:09:33
191,Moerai,-22.4333,-151.3333,79.14,71,17,8.72,PF,2021-01-31 18:09:33
192,Tukrah,32.5341,20.5791,65.05,43,1,16.04,LY,2021-01-31 18:09:10
193,Chernoyerkovskaya,45.4331,37.7686,48.2,81,93,11.18,RU,2021-01-31 18:09:34
194,Yulara,-25.2406,130.9889,87.8,19,50,9.22,AU,2021-01-31 18:09:34
195,Noumea,-22.2763,166.4572,78.01,88,75,13.62,NC,2021-01-31 18:09:34
196,Sao Filipe,14.8961,-24.4956,76.1,62,4,10.09,CV,2021-01-31 18:09:34
197,Yeppoon,-23.1333,150.7333,73.4,83,40,4.61,AU,2021-01-31 18:09:34
198,Homer,59.6425,-151.5483,17.6,79,1,3.44,US,2021-01-31 18:05:13
199,Corinto,37.9407,22.9573,61.0,82,75,18.41,GR,2021-01-31 18:09:35
200,Grindavik,63.8424,-22.4338,30.2,74,75,14.97,IS,2021-01-31 18:09:35
201,Ostrovnoy,68.0531,39.5131,13.15,94,94,6.53,RU,2021-01-31 18:05:37
202,Nantucket,41.2835,-70.0995,28.4,64,75,8.05,US,2021-01-31 18:09:35
203,Narsaq,60.9167,-46.05,39.2,30,75,26.46,GL,2021-01-31 18:09:35
204,Umm Lajj,25.0213,37.2685,71.02,52,0,11.74,SA,2021-01-31 18:09:35
205,Saint-Pierre,-21.3393,55.4781,82.4,61,0,9.22,RE,2021-01-31 18:05:37
206,Airai,-8.9266,125.4092,61.3,100,100,3.4,TL,2021-01-31 18:09:36
207,Blackfoot,43.1905,-112.345,34.0,69,1,3.44,US,2021-01-31 18:08:35
208,Preobrazheniye,42.9019,133.9064,23.88,97,100,6.6,RU,2021-01-31 18:09:36
209,Ekhabi,53.5102,142.9671,-12.62,80,81,22.1,RU,2021-01-31 18:09:36
210,Hambantota,6.1241,81.1185,78.01,81,50,14.94,LK,2021-01-31 18:06:08
211,Lakselv,70.0513,24.9718,21.2,100,75,10.36,NO,2021-01-31 18:09:37
212,Impfondo,1.6381,18.0667,77.38,77,63,1.45,CG,2021-01-31 18:09:37
213,Constitucion,-35.3333,-72.4167,65.3,72,24,8.48,CL,2021-01-31 18:09:37
214,Macclesfield,53.2602,-2.1256,37.0,60,100,6.91,GB,2021-01-31 18:09:37
215,Pyapon,16.2833,95.6833,71.62,56,68,8.16,MM,2021-01-31 18:09:37
216,Pecos,31.4229,-103.4932,53.6,37,1,6.91,US,2021-01-31 18:09:37
217,Yendi,9.4427,-0.0099,90.0,12,54,2.59,GH,2021-01-31 18:09:38
218,Mataura,-46.1927,168.8643,55.4,70,100,1.7,NZ,2021-01-31 18:09:38
219,Emerald,-23.5333,148.1667,73.4,68,0,6.91,AU,2021-01-31 18:09:38
220,Nerchinskiy Zavod,51.3088,119.61,-30.44,83,0,3.8,RU,2021-01-31 18:09:38
221,Mount Vernon,40.9126,-73.8371,25.0,54,90,4.18,US,2021-01-31 18:06:45
222,Poum,-20.2333,164.0167,79.09,72,98,15.05,NC,2021-01-31 18:05:32
223,Harper,4.375,-7.7169,80.67,82,25,8.12,LR,2021-01-31 18:05:29
224,Terra Santa,-2.1042,-56.4869,93.04,44,21,6.6,BR,2021-01-31 18:09:39
225,Rawson,-43.3002,-65.1023,81.27,24,13,16.53,AR,2021-01-31 18:09:39
226,Moanda,-1.5575,13.2178,87.8,62,20,2.64,GA,2021-01-31 18:09:40
227,Kaitangata,-46.2817,169.8464,60.01,91,100,1.32,NZ,2021-01-31 18:09:40
228,Asau,46.4333,26.4,30.0,69,100,3.8,RO,2021-01-31 18:09:40
229,Takoradi,4.8845,-1.7554,81.3,81,89,11.27,GH,2021-01-31 18:05:15
230,Locri,38.2414,16.2623,54.0,97,77,4.0,IT,2021-01-31 18:09:41
231,Ponta Do Sol,32.6667,-17.1,66.2,72,20,4.61,PT,2021-01-31 18:09:41
232,Yar-Sale,66.8333,70.8333,-6.72,91,100,7.23,RU,2021-01-31 18:09:41
233,Dingle,10.9995,122.6711,72.9,89,88,9.53,PH,2021-01-31 18:09:41
234,Tasiilaq,65.6145,-37.6368,14.0,57,75,4.61,GL,2021-01-31 18:09:41
235,Alihe,50.5667,123.7167,-23.58,84,73,2.91,CN,2021-01-31 18:09:41
236,Waipawa,-41.4122,175.5153,57.2,77,50,12.66,NZ,2021-01-31 18:09:42
237,Tutoia,-2.7619,-42.2744,89.6,66,20,13.8,BR,2021-01-31 18:09:42
238,Bilibino,68.0546,166.4372,-14.85,83,100,6.2,RU,2021-01-31 18:09:42
239,Rincon,32.296,-81.2354,62.6,82,90,4.61,US,2021-01-31 18:09:42
240,Chokurdakh,70.6333,147.9167,-28.61,85,18,10.54,RU,2021-01-31 18:04:59
241,Koulikoro,14.0,-7.75,85.06,12,100,8.46,ML,2021-01-31 18:09:42
242,Sinegorye,62.0788,150.477,-30.28,79,100,7.25,RU,2021-01-31 18:09:43
243,Amnat Charoen,15.9167,104.75,68.05,77,2,14.81,TH,2021-01-31 18:09:43
244,Kinlochleven,56.7115,-4.9661,32.0,83,99,1.01,GB,2021-01-31 18:09:43
245,Batticaloa,7.7102,81.6924,78.03,86,2,8.93,LK,2021-01-31 18:06:08
246,Maneadero,31.7167,-116.5667,63.0,57,85,0.43,MX,2021-01-31 18:09:43
247,Virovitica,45.8319,17.3839,32.0,80,90,12.66,HR,2021-01-31 18:09:43
248,Kruisfontein,-34.0033,24.7314,73.0,73,0,4.0,ZA,2021-01-31 18:05:25
249,Cabra,37.4725,-4.4421,59.0,82,75,5.75,ES,2021-01-31 18:09:44
250,Tigil,57.8,158.6667,-5.4,92,94,4.97,RU,2021-01-31 18:09:44
251,Leh,34.1667,77.5833,9.32,61,91,1.07,IN,2021-01-31 18:09:44
252,Burnie,-41.0667,145.9167,60.06,88,53,4.45,AU,2021-01-31 18:09:44
253,Tumalaytay,12.2758,123.232,74.32,84,95,9.37,PH,2021-01-31 18:09:44
254,Shiyan,32.6475,110.7781,46.08,60,46,4.09,CN,2021-01-31 18:09:45
255,Greensburg,40.3015,-79.5389,34.0,69,90,8.05,US,2021-01-31 18:08:57
256,Tallahassee,30.4383,-84.2807,69.8,83,90,12.66,US,2021-01-31 18:07:30
257,Bulawayo,-20.15,28.5833,69.17,84,99,2.19,ZW,2021-01-31 18:09:45
258,Baghdad,33.3406,44.4009,59.0,47,75,9.22,IQ,2021-01-31 18:05:08
259,Warwick,41.7001,-71.4162,26.01,53,75,3.44,US,2021-01-31 18:08:41
260,Cidreira,-30.1811,-50.2056,82.47,76,99,5.14,BR,2021-01-31 18:09:45
261,Mahebourg,-20.4081,57.7,80.6,78,40,12.66,MU,2021-01-31 18:09:46
262,Geraldton,-28.7667,114.6,71.6,73,0,5.75,AU,2021-01-31 18:05:18
263,Kupang,-10.1667,123.5833,79.2,85,100,11.41,ID,2021-01-31 18:09:46
264,Barpeta,26.3167,91.0,51.8,87,75,2.86,IN,2021-01-31 18:09:46
265,Pangnirtung,66.1451,-65.7125,-9.4,84,75,3.44,CA,2021-01-31 18:09:46
266,Lae,-6.7221,146.9847,77.74,76,100,8.7,PG,2021-01-31 18:09:46
267,Camacha,33.0833,-16.3333,62.6,77,20,8.05,PT,2021-01-31 18:09:47
268,Talnakh,69.4865,88.3972,-26.75,72,37,9.57,RU,2021-01-31 18:07:27
269,Sakaiminato,35.55,133.2333,35.6,93,75,2.3,JP,2021-01-31 18:09:47
270,Buta,2.7858,24.73,77.16,36,99,2.37,CD,2021-01-31 18:09:48
271,Mangai,-4.05,19.5333,72.27,90,62,1.48,CD,2021-01-31 18:09:48
272,Sept-Iles,50.2001,-66.3821,28.99,54,41,6.91,CA,2021-01-31 18:07:40
273,Alice Springs,-23.7,133.8833,80.01,41,15,4.61,AU,2021-01-31 18:09:48
274,Dina,52.9335,-110.0849,-2.2,84,40,6.91,CA,2021-01-31 18:09:48
275,Uglegorskiy,48.2427,41.2531,37.29,90,99,9.17,RU,2021-01-31 18:09:48
276,Caravelas,-17.7125,-39.2481,84.24,59,16,10.42,BR,2021-01-31 18:06:29
277,Namatanai,-3.6667,152.4333,79.88,73,100,3.51,PG,2021-01-31 18:09:49
278,Broken Hill,-31.95,141.4333,73.4,28,40,10.36,AU,2021-01-31 18:09:49
279,Manoel Urbano,-8.8389,-69.2597,76.37,95,92,3.69,BR,2021-01-31 18:09:49
280,Gat,31.61,34.7642,59.0,100,0,3.0,IL,2021-01-31 18:09:49
281,Fernandina Beach,30.6697,-81.4626,77.0,53,75,19.57,US,2021-01-31 18:09:49
282,Belle Glade,26.6845,-80.6676,77.0,62,74,7.0,US,2021-01-31 18:09:50
283,Patrocinio,-18.9439,-46.9925,81.39,61,87,3.38,BR,2021-01-31 18:09:50
284,Sawakin,19.1059,37.3321,74.25,74,90,9.6,SD,2021-01-31 18:09:50
285,Iguatemi,-23.6803,-54.5611,80.44,81,100,6.26,BR,2021-01-31 18:09:50
286,Samarai,-10.6167,150.6667,82.27,75,58,14.79,PG,2021-01-31 18:09:50
287,Sitka,57.0531,-135.33,35.6,64,40,4.88,US,2021-01-31 18:09:51
288,Mount Pleasant,32.7941,-79.8626,63.0,82,75,18.41,US,2021-01-31 18:09:04
289,Okato,-39.2,173.8833,50.0,67,2,5.01,NZ,2021-01-31 18:09:51
290,North Bend,43.4065,-124.2243,50.0,93,90,4.61,US,2021-01-31 18:05:07
291,Kaseda,31.4167,130.3167,41.0,69,3,4.0,JP,2021-01-31 18:07:14
292,Belmonte,-15.8631,-38.8828,84.2,74,40,6.91,BR,2021-01-31 18:09:52
293,Los Llanos De Aridane,28.6585,-17.9182,68.0,73,20,13.8,ES,2021-01-31 18:06:09
294,Kajaani,64.2273,27.7285,15.8,92,90,2.3,FI,2021-01-31 18:09:52
295,Ballina,-28.8667,153.5667,69.8,83,90,6.91,AU,2021-01-31 18:05:17
296,Andenes,69.3143,16.1194,30.2,93,90,23.02,NO,2021-01-31 18:09:52
297,Xuddur,4.1213,43.8894,77.9,26,49,9.6,SO,2021-01-31 18:09:52
298,Fare,-16.7,-151.0167,81.07,74,90,10.33,PF,2021-01-31 18:09:53
299,Okha,53.5739,142.9478,-12.84,81,83,22.12,RU,2021-01-31 18:09:53
300,Acaponeta,22.4964,-105.3594,91.6,23,0,4.23,MX,2021-01-31 18:09:53
301,Hutchinson,38.0608,-97.9298,37.4,65,90,17.27,US,2021-01-31 18:06:04
302,Clyde River,70.4692,-68.5914,-0.4,71,1,8.05,CA,2021-01-31 18:09:53
303,Tuatapere,-46.1333,167.6833,51.49,86,83,4.97,NZ,2021-01-31 18:09:53
304,Keti Bandar,24.1447,67.4497,68.16,78,0,8.81,PK,2021-01-31 18:09:54
305,Huimilpan,20.372,-100.2774,73.4,27,1,9.22,MX,2021-01-31 18:09:54
306,Pevek,69.7008,170.3133,-26.82,84,79,1.23,RU,2021-01-31 18:09:54
307,Imbituba,-28.24,-48.6703,82.4,74,75,12.66,BR,2021-01-31 18:09:54
308,Chake Chake,-5.2459,39.7666,78.84,74,51,14.29,TZ,2021-01-31 18:09:54
309,Okulovka,58.4008,33.2908,19.38,97,100,6.17,RU,2021-01-31 18:09:54
310,Tarakan,3.3,117.6333,76.93,87,100,7.45,ID,2021-01-31 18:09:55
311,Port Hedland,-20.3167,118.5667,77.0,88,75,19.57,AU,2021-01-31 18:09:55
312,Hailey,43.5196,-114.3153,24.8,68,1,8.05,US,2021-01-31 18:09:55
313,Aklavik,68.2191,-135.0107,-13.0,77,90,13.8,CA,2021-01-31 18:09:55
314,Kasongo,-4.45,26.6667,71.2,95,100,2.24,CD,2021-01-31 18:09:55
315,Souillac,-20.5167,57.5167,80.6,78,40,12.66,MU,2021-01-31 18:09:56
316,Lata,40.1629,-8.3327,60.01,100,100,13.0,PT,2021-01-31 18:09:56
317,Saint-Augustin,51.226,-58.6502,27.01,91,100,13.02,CA,2021-01-31 18:09:56
318,La Plata,-34.9215,-57.9545,69.01,93,100,1.99,AR,2021-01-31 18:06:29
319,Santa Rosa,14.3122,121.1114,75.2,78,40,2.3,PH,2021-01-31 18:09:56
320,Sarnia,42.9787,-82.4041,26.6,80,90,12.66,CA,2021-01-31 18:06:01
321,Guangshui,31.6199,113.9978,44.87,91,86,1.95,CN,2021-01-31 18:09:57
322,Disa,24.25,72.1667,61.52,29,0,4.29,IN,2021-01-31 18:09:57
323,Brae,60.3964,-1.353,32.0,80,40,9.22,GB,2021-01-31 18:09:57
324,Bonavista,48.6499,-53.1147,32.0,100,100,6.91,CA,2021-01-31 18:09:14
325,Macamic,48.7502,-78.9996,3.2,66,20,5.75,CA,2021-01-31 18:09:57
326,Vesyegonsk,58.664,37.2604,14.16,97,96,4.9,RU,2021-01-31 18:09:58
327,San Matias,-16.3667,-58.4,88.63,55,71,8.21,BO,2021-01-31 18:09:58
328,Laubach,50.542,8.9903,34.0,87,84,6.35,DE,2021-01-31 18:09:58
329,Vicuna,-30.0319,-70.7081,71.6,68,20,17.27,CL,2021-01-31 18:09:58
330,Mangrol,21.1167,70.1167,67.84,47,0,11.34,IN,2021-01-31 18:09:58
331,Axim,4.8699,-2.2405,80.91,81,89,8.57,GH,2021-01-31 18:09:59
332,Deputatskiy,69.3,139.9,-33.59,86,98,1.48,RU,2021-01-31 18:09:59
333,Quthing,-30.4,27.7003,68.25,50,23,4.47,LS,2021-01-31 18:09:59
334,Acajutla,13.5928,-89.8275,82.4,54,0,10.25,SV,2021-01-31 18:10:00
335,Dalvik,65.9702,-18.5286,6.8,85,0,5.75,IS,2021-01-31 18:10:00
336,Mehamn,71.0357,27.8492,26.6,86,75,13.8,NO,2021-01-31 18:10:00
337,Berlevag,70.8578,29.0864,26.6,93,75,4.61,NO,2021-01-31 18:10:00
338,Berdigestyakh,62.0989,126.6992,-40.97,79,100,6.42,RU,2021-01-31 18:10:00
339,Hofn,64.2539,-15.2082,23.0,46,0,11.5,IS,2021-01-31 18:10:00
340,Ribeira Grande,38.5167,-28.7,64.4,88,75,14.97,PT,2021-01-31 18:10:01
341,Bandarbeyla,9.4942,50.8122,74.7,68,0,17.45,SO,2021-01-31 18:10:01
342,Makakilo City,21.3469,-158.0858,71.6,78,75,3.44,US,2021-01-31 18:05:34
343,Nouadhibou,20.931,-17.0347,69.8,68,69,19.57,MR,2021-01-31 18:10:01
344,Viedma,-40.8135,-62.9967,82.0,36,11,6.49,AR,2021-01-31 18:10:03
345,Sibiti,-3.6819,13.3499,72.54,95,98,0.85,CG,2021-01-31 18:10:04
346,Beringovskiy,63.05,179.3167,11.19,96,100,24.34,RU,2021-01-31 18:07:16
347,Odessa,46.4775,30.7326,33.8,86,75,8.95,UA,2021-01-31 18:09:10
348,Pychas,56.5033,52.4409,28.99,78,100,10.0,RU,2021-01-31 18:10:05
349,Mareeba,-17.0,145.4333,77.0,83,96,5.75,AU,2021-01-31 18:10:05
350,Saint George,37.1041,-113.5841,48.0,75,1,4.43,US,2021-01-31 18:10:06
351,Rocha,-34.4833,-54.3333,68.63,70,99,14.2,UY,2021-01-31 18:15:16
352,Baiyin,36.5583,104.2081,26.01,40,0,6.71,CN,2021-01-31 18:15:16
353,Saint-Francois,46.4154,3.9054,48.99,93,90,6.91,FR,2021-01-31 18:15:16
354,Daokou,35.5639,114.5058,42.64,51,67,7.23,CN,2021-01-31 18:15:17
355,Cherskiy,68.75,161.3,-22.65,80,99,5.73,RU,2021-01-31 18:15:17
356,Ulaanbaatar,47.9077,106.8832,-22.0,63,0,4.47,MN,2021-01-31 18:11:24
357,Bethel,41.3712,-73.414,24.01,49,20,3.2,US,2021-01-31 18:15:18
358,Lavrentiya,65.5833,-171.0,-9.63,86,100,13.33,RU,2021-01-31 18:15:18
359,Katsuura,35.1333,140.3,42.8,42,75,8.05,JP,2021-01-31 18:15:19
360,Rodrigues Alves,-7.738,-72.6509,77.4,92,100,2.84,BR,2021-01-31 18:15:19
361,Liverpool,53.4106,-2.9779,37.4,70,40,10.36,GB,2021-01-31 18:14:48
362,Taoudenni,22.6783,-3.9836,77.95,16,0,7.99,ML,2021-01-31 18:15:19
363,Guozhen,34.3659,107.359,41.25,52,100,2.28,CN,2021-01-31 18:15:20
364,Loudi,27.7344,111.9944,49.41,89,76,4.74,CN,2021-01-31 18:15:21
365,Prince Rupert,54.3161,-130.3201,37.4,80,90,4.61,CA,2021-01-31 18:15:21
366,Kuppam,12.75,78.3667,65.14,73,1,7.83,IN,2021-01-31 18:15:22
367,Praia Da Vitoria,38.7333,-27.0667,66.2,77,40,22.1,PT,2021-01-31 18:15:22
368,Goiania,-16.6786,-49.2539,91.4,40,40,3.44,BR,2021-01-31 18:14:15
369,Butaritari,3.0707,172.7902,80.76,83,56,14.12,KI,2021-01-31 18:15:23
370,Rexburg,43.826,-111.7897,28.4,69,1,3.44,US,2021-01-31 18:15:23
371,Luganville,-15.5333,167.1667,77.43,81,80,0.43,VU,2021-01-31 18:15:24
372,Gunjur,13.2019,-16.7339,91.4,31,0,3.44,GM,2021-01-31 18:15:24
373,Nanortalik,60.1432,-45.2371,33.19,87,100,7.94,GL,2021-01-31 18:15:24
374,Kushalgarh,23.199,74.4507,64.22,25,0,7.38,IN,2021-01-31 18:15:25
375,Marsa Matruh,31.3525,27.2453,60.8,72,0,5.75,EG,2021-01-31 18:15:25
376,Cairns,-16.9167,145.7667,77.0,83,99,5.75,AU,2021-01-31 18:13:03
377,Sainte-Suzanne,-20.9061,55.6089,80.6,65,0,13.8,RE,2021-01-31 18:15:25
378,Porto Santo,33.072,-16.3415,62.6,77,20,9.22,PT,2021-01-31 18:15:26
379,Belyy Yar,53.6039,91.3903,-20.2,76,67,0.63,RU,2021-01-31 18:15:26
380,Pedernales,18.0384,-71.744,84.42,55,4,1.86,DO,2021-01-31 18:15:26
381,San Jeronimo,-11.9472,-75.2829,60.55,54,51,6.35,PE,2021-01-31 18:15:26
382,Abnub,27.2696,31.1511,64.4,42,0,6.29,EG,2021-01-31 18:15:27
383,Chalmette,29.9427,-89.9634,75.99,38,1,4.61,US,2021-01-31 18:15:27
384,Acarau,-2.8856,-40.12,86.86,63,75,17.67,BR,2021-01-31 18:15:27
385,Jieshi,22.8134,115.8257,59.45,84,10,7.52,CN,2021-01-31 18:15:28
386,Wattegama,6.7989,81.4808,72.75,91,1,4.38,LK,2021-01-31 18:15:28
387,Ngunguru,-35.6167,174.5,55.0,93,0,5.01,NZ,2021-01-31 18:15:28
388,Broome,42.2506,-75.833,21.99,71,100,3.0,US,2021-01-31 18:15:28
389,Te Anau,-45.4167,167.7167,49.6,86,96,1.54,NZ,2021-01-31 18:11:16
390,Vestmannaeyjar,63.4427,-20.2734,33.8,75,40,23.02,IS,2021-01-31 18:15:28
391,Lisakovsk,52.5369,62.4936,6.4,94,0,4.21,KZ,2021-01-31 18:15:29
392,Carutapera,-1.195,-46.02,86.47,63,7,10.78,BR,2021-01-31 18:15:29
393,Kautokeino,69.0125,23.0412,16.05,95,100,11.34,NO,2021-01-31 18:15:29
394,Zaozerne,45.1582,33.2787,46.99,71,71,5.01,UA,2021-01-31 18:15:30
395,Tessalit,20.1986,1.0114,72.05,16,56,9.66,ML,2021-01-31 18:15:30
396,Kungurtug,50.5994,97.5228,-16.67,81,91,1.9,RU,2021-01-31 18:15:31
397,Mangan,27.5167,88.5333,51.12,44,67,3.02,IN,2021-01-31 18:15:31
398,Hirara,24.8,125.2833,67.62,69,55,17.45,JP,2021-01-31 18:15:31
399,Tabou,4.423,-7.3528,80.19,84,64,7.92,CI,2021-01-31 18:15:31
400,Tucano,-10.9631,-38.7867,88.47,45,70,12.62,BR,2021-01-31 18:15:32
401,Smoky Lake,54.1169,-112.4686,5.0,78,0,6.91,CA,2021-01-31 18:15:32
402,Yerbogachen,61.2767,108.0108,-34.42,79,48,5.32,RU,2021-01-31 18:15:33
403,Marienburg,54.0359,19.0266,28.99,100,54,12.93,PL,2021-01-31 18:15:33
404,Houlton,46.1262,-67.8403,16.0,57,1,8.05,US,2021-01-31 18:15:34
405,Itarema,-2.9248,-39.9167,86.52,63,76,16.69,BR,2021-01-31 18:15:34
406,Hlobyne,49.3878,33.2596,28.89,96,97,3.06,UA,2021-01-31 18:15:35
407,Mecca,21.4267,39.8261,75.25,44,0,3.36,SA,2021-01-31 18:13:54
408,Westport,41.1415,-73.3579,24.01,45,1,5.12,US,2021-01-31 18:15:35
409,Kharp,66.8014,65.8081,-21.42,85,99,3.06,RU,2021-01-31 18:15:35
410,Chibuto,-24.6867,33.5306,81.46,71,87,8.25,MZ,2021-01-31 18:15:36
411,Zhigansk,66.7697,123.3711,-44.93,75,23,3.31,RU,2021-01-31 18:15:36
412,Alzamay,55.5562,98.6644,-31.81,82,0,2.53,RU,2021-01-31 18:12:10
413,Tabuk,17.4189,121.4443,64.89,89,88,2.26,PH,2021-01-31 18:15:36
414,Kifri,34.6959,44.9661,51.49,53,75,10.54,IQ,2021-01-31 18:15:36
415,Port-Cartier,50.0334,-66.8654,28.99,54,4,8.05,CA,2021-01-31 18:15:37
416,Maldonado,-34.6667,-54.9167,73.4,68,75,17.27,UY,2021-01-31 18:15:37
417,Payo,-3.7508,103.6372,73.2,83,93,2.26,ID,2021-01-31 18:15:37
418,Havelock,34.8791,-76.9013,55.4,100,90,10.36,US,2021-01-31 18:15:38
419,Roma,43.2128,-75.4557,18.0,57,1,9.22,US,2021-01-31 18:13:29
420,Cap Malheureux,-19.9842,57.6142,81.0,75,36,8.99,MU,2021-01-31 18:15:38
421,Veraval,20.9,70.3667,69.49,61,0,9.35,IN,2021-01-31 18:15:38
422,Pervomayskoye,43.919,46.7102,41.67,84,96,2.46,RU,2021-01-31 18:15:38
423,Wagar,16.1525,36.2032,72.55,61,11,15.57,SD,2021-01-31 18:15:39
424,Dharchula,29.85,80.5333,45.03,44,0,5.5,IN,2021-01-31 18:15:39
425,Lazaro Cardenas,17.9583,-102.2,82.81,62,2,7.81,MX,2021-01-31 18:15:39
426,Kloulklubed,7.0419,134.2556,80.6,78,75,8.05,PW,2021-01-31 18:15:40
427,Tiksi,71.6872,128.8694,-26.55,86,100,6.76,RU,2021-01-31 18:15:40
428,Collie,-33.3667,116.15,61.0,78,0,1.01,AU,2021-01-31 18:15:40
429,Ahipara,-35.1667,173.1667,56.71,83,0,2.86,NZ,2021-01-31 18:15:41
430,Gamboula,4.1178,15.1393,80.51,37,72,2.39,CF,2021-01-31 18:15:41
431,Kampot,10.6167,104.1833,71.6,88,53,2.3,KH,2021-01-31 18:15:41
432,Vanderhoof,54.0166,-124.0198,20.66,96,100,0.65,CA,2021-01-31 18:15:41
433,Racova,46.7,26.75,32.0,80,75,3.44,RO,2021-01-31 18:15:42
434,Lukovetskiy,64.2956,41.9211,23.0,93,90,4.47,RU,2021-01-31 18:15:42
435,Ibipeba,-11.6408,-42.0111,87.98,36,39,5.66,BR,2021-01-31 18:15:42
436,Fairlie,55.756,-4.8556,35.01,87,100,1.99,GB,2021-01-31 18:15:43
437,Nemuro,43.3236,145.575,20.73,89,17,18.52,JP,2021-01-31 18:15:43
438,La Grande,45.3246,-118.0877,43.0,56,97,10.0,US,2021-01-31 18:15:44
439,Winnemucca,40.973,-117.7357,37.4,60,90,10.36,US,2021-01-31 18:15:44
440,Boueni,-12.9025,45.0761,82.4,74,0,6.91,YT,2021-01-31 18:15:45
441,Naze,28.3667,129.4833,58.24,64,5,9.66,JP,2021-01-31 18:15:45
442,Edd,13.9297,41.6925,75.52,74,0,16.28,ER,2021-01-31 18:15:45
443,Yungay,-9.1383,-77.7436,70.48,35,32,3.76,PE,2021-01-31 18:15:47
444,Houma,29.5958,-90.7195,73.99,60,1,16.11,US,2021-01-31 18:15:47
445,Mount Gambier,-37.8333,140.7667,51.8,93,53,4.61,AU,2021-01-31 18:15:48
446,Bria,6.5423,21.9863,82.94,20,0,2.8,CF,2021-01-31 18:15:48
447,Aripuana,-9.1667,-60.6333,91.72,49,10,3.69,BR,2021-01-31 18:15:49
448,The Valley,18.217,-63.0578,84.2,65,40,17.27,AI,2021-01-31 18:15:49
449,Lamu,-2.2717,40.902,78.8,78,1,11.5,KE,2021-01-31 18:15:50
450,Sciacca,37.5082,13.0881,50.0,93,5,10.0,IT,2021-01-31 18:15:50
451,Bereda,43.2686,-7.5406,55.0,91,86,17.0,ES,2021-01-31 18:15:51
452,Hualmay,-11.0964,-77.6139,77.11,63,48,13.29,PE,2021-01-31 18:15:51
453,Astoria,46.1879,-123.8313,44.01,100,90,3.44,US,2021-01-31 18:15:06
454,Xiongyue,40.1774,122.1228,27.88,96,1,9.35,CN,2021-01-31 18:15:52
455,Rio Grande,-32.035,-52.0986,84.2,61,90,3.44,BR,2021-01-31 18:15:41
456,Yuzhno-Sukhokumsk,44.6581,45.6436,40.01,85,91,1.52,RU,2021-01-31 18:15:53
457,Roald,62.5833,6.1333,27.0,100,40,2.3,NO,2021-01-31 18:15:53
458,Alofi,-19.0595,-169.9187,75.2,100,100,6.91,NU,2021-01-31 18:15:54
459,College,64.8569,-147.8028,-5.8,77,90,0.25,US,2021-01-31 18:15:54
460,Takanabe,32.1333,131.5,45.55,67,30,4.72,JP,2021-01-31 18:15:55
461,Esperance,-33.8667,121.9,59.0,88,0,6.91,AU,2021-01-31 18:15:55
462,Blacksburg,37.2296,-80.4139,34.0,100,90,6.91,US,2021-01-31 18:15:55
463,Parrita,9.5201,-84.3225,80.6,57,20,18.41,CR,2021-01-31 18:15:56
464,Porto Walter,-8.2686,-72.7439,75.22,92,96,3.44,BR,2021-01-31 18:15:56
465,Laguna,38.421,-121.4238,57.0,66,90,4.61,US,2021-01-31 18:15:57
466,Victor Harbor,-35.5667,138.6167,64.0,81,97,1.01,AU,2021-01-31 18:14:46
467,Luan,46.3592,6.9759,44.01,81,40,4.61,CH,2021-01-31 18:15:57
468,Xining,36.6167,101.7667,15.26,65,0,3.09,CN,2021-01-31 18:15:57
469,Cranbrook,49.4999,-115.7688,32.0,86,90,4.61,CA,2021-01-31 18:11:24
470,Pisco,-13.7,-76.2167,77.0,61,0,8.05,PE,2021-01-31 18:15:58
471,Port Moresby,-9.4431,147.1797,73.4,100,90,11.5,PG,2021-01-31 18:15:59
472,Ucluelet,48.9329,-125.5528,45.0,100,75,5.75,CA,2021-01-31 18:12:55
473,Kysyl-Syr,63.8986,122.7617,-46.52,76,90,5.95,RU,2021-01-31 18:15:59
474,Udachnyy,66.4167,112.4,-39.37,79,97,8.86,RU,2021-01-31 18:16:00
475,Yanam,16.7333,82.2167,73.15,82,26,4.9,IN,2021-01-31 18:16:00
476,Warmbad,-28.45,18.7333,84.6,19,0,21.0,NA,2021-01-31 18:16:01
477,Asmara,15.3333,38.9333,53.56,100,60,4.23,ER,2021-01-31 18:16:01
478,Garlasco,45.1974,8.9238,46.99,78,0,5.99,IT,2021-01-31 18:16:02
479,Acapulco,16.8634,-99.8901,84.2,70,20,6.91,MX,2021-01-31 18:14:36
480,Nelson,-41.2833,173.2833,57.99,83,0,3.0,NZ,2021-01-31 18:16:03
481,Batagay,67.6333,134.6333,-49.45,76,83,0.78,RU,2021-01-31 18:16:03
482,Marsh Harbour,26.5412,-77.0636,71.47,70,88,15.14,BS,2021-01-31 18:16:04
483,Waddan,29.1614,16.139,68.58,23,0,10.04,LY,2021-01-31 18:16:04
484,Placido De Castro,-10.3353,-67.1856,84.02,74,87,4.27,BR,2021-01-31 18:16:05
485,Fairbanks,64.8378,-147.7164,-5.8,84,90,0.38,US,2021-01-31 18:16:05
486,Gamba,-2.65,10.0,78.84,86,83,4.94,GA,2021-01-31 18:16:06
487,Assiniboia,49.6334,-105.9845,10.4,72,0,4.61,CA,2021-01-31 18:16:07
488,Hastings,50.8552,0.5729,39.0,90,100,4.0,GB,2021-01-31 18:16:07
489,Luanda,-8.8368,13.2343,84.2,65,20,10.36,AO,2021-01-31 18:11:37
490,Chifeng,42.2683,118.9636,16.88,88,2,11.12,CN,2021-01-31 18:16:09
491,Skelleftea,64.7507,20.9528,12.99,85,90,5.75,SE,2021-01-31 18:16:09
492,Labuhan,-6.8844,112.2051,78.24,85,100,15.21,ID,2021-01-31 18:16:09
493,Reconquista,-29.15,-59.65,85.32,46,21,7.29,AR,2021-01-31 18:16:10
494,Dhidhdhoo,6.8833,73.1,82.22,72,42,8.66,MV,2021-01-31 18:16:11
495,Gorom-Gorom,14.4439,-0.2361,79.25,14,32,7.0,BF,2021-01-31 18:16:12
496,Merauke,-8.4667,140.3333,79.21,88,100,12.64,ID,2021-01-31 18:16:12
497,Mogadishu,2.0371,45.3438,76.71,78,0,23.89,SO,2021-01-31 18:16:13
498,Willowmore,-33.2926,23.4895,73.96,48,7,15.73,ZA,2021-01-31 18:16:13
499,Muli,2.9167,73.5667,81.64,79,53,14.94,MV,2021-01-31 18:16:14
500,Ponta Delgada,37.7333,-25.6667,64.0,88,75,16.11,PT,2021-01-31 18:16:15
501,Bemidji,47.4736,-94.8803,28.0,93,90,9.22,US,2021-01-31 18:16:15
502,Horasan,40.0458,42.1728,16.52,91,20,1.12,TR,2021-01-31 18:16:15
503,Golden,39.7555,-105.2211,45.0,23,1,6.91,US,2021-01-31 18:16:16
504,Vila,42.0304,-8.1588,53.01,94,92,18.01,PT,2021-01-31 18:16:16
505,Mahon,39.8885,4.2658,57.2,58,0,11.5,ES,2021-01-31 18:16:17
506,Marystown,47.1666,-55.1483,34.23,86,91,17.13,CA,2021-01-31 18:16:18
507,Tombouctou,20.0,-3.0,73.56,17,2,7.18,ML,2021-01-31 18:16:18
508,Exu,-7.5119,-39.7242,84.2,54,75,8.05,BR,2021-01-31 18:16:18
509,Maragogi,-9.0122,-35.2225,82.58,69,46,12.28,BR,2021-01-31 18:16:18
510,Tolaga Bay,-38.3667,178.3,57.24,75,92,5.12,NZ,2021-01-31 18:16:19
511,Huangmei,30.1924,116.025,46.81,90,100,0.98,CN,2021-01-31 18:16:20
512,Ibra,22.6906,58.5334,59.49,58,0,1.61,OM,2021-01-31 18:16:20
513,Villarrobledo,39.2699,-2.6012,50.0,97,95,8.99,ES,2021-01-31 18:16:20
514,Rajapur,25.3833,81.15,52.34,44,0,2.51,IN,2021-01-31 18:16:20
515,Palu,-0.8917,119.8707,75.27,82,100,1.5,ID,2021-01-31 18:16:21
516,Preston,53.7667,-2.7167,36.0,75,20,14.97,GB,2021-01-31 18:16:22
517,San Quintin,30.4833,-115.95,60.91,55,93,1.03,MX,2021-01-31 18:16:22
518,Nianzishan,47.5167,122.8833,-7.19,90,100,13.35,CN,2021-01-31 18:16:22
519,Flinders,-34.5833,150.8552,68.0,90,99,1.01,AU,2021-01-31 18:16:22
520,Oktyabrskoye,43.0645,44.7417,30.2,100,63,2.24,RU,2021-01-31 18:16:22
521,Pervomayskiy,53.2485,40.2871,26.01,72,96,15.39,RU,2021-01-31 18:16:23
522,Quelimane,-17.8786,36.8883,84.0,83,20,10.36,MZ,2021-01-31 18:16:24
523,Polovinnoye,54.7914,65.9864,6.67,94,1,4.05,RU,2021-01-31 18:16:24
524,Puerto Escondido,15.85,-97.0667,86.0,70,20,8.05,MX,2021-01-31 18:16:24
525,Ginir,7.1333,40.7,59.2,34,11,1.99,ET,2021-01-31 18:16:24
526,Gizo,-8.103,156.8419,84.52,74,100,19.06,SB,2021-01-31 18:16:24
527,Japura,-0.3167,102.35,73.35,94,96,1.32,ID,2021-01-31 18:16:24
528,Qinhuangdao,39.9317,119.5883,27.68,93,0,7.36,CN,2021-01-31 18:16:25
529,Tautira,-17.7333,-149.15,82.4,65,40,4.61,PF,2021-01-31 18:16:26
530,Ahuimanu,21.4447,-157.8378,73.4,73,75,11.5,US,2021-01-31 18:16:26
531,Sao Geraldo Do Araguaia,-6.4006,-48.555,87.6,63,94,2.37,BR,2021-01-31 18:16:26
532,Chapais,49.7834,-74.8492,-0.4,78,20,2.95,CA,2021-01-31 18:16:26
533,Muhos,64.808,25.9931,15.01,85,90,2.3,FI,2021-01-31 18:16:27
534,Troitsko-Pechorsk,62.7084,56.1964,23.13,97,100,12.12,RU,2021-01-31 18:16:27
535,Bichena,10.45,38.2,58.69,30,17,0.22,ET,2021-01-31 18:16:27
536,Helong,42.5397,128.9972,15.94,92,16,4.0,CN,2021-01-31 18:16:27
537,Stephenville,32.2207,-98.2023,51.01,50,1,14.97,US,2021-01-31 18:16:27
538,Springbok,-29.6643,17.8865,65.19,71,0,9.66,ZA,2021-01-31 18:16:28
539,Benguela,-12.5763,13.4055,78.31,72,67,6.08,AO,2021-01-31 18:16:28
540,Melioratorov,57.2107,65.6077,6.8,85,82,4.81,RU,2021-01-31 18:16:28
541,Port Shepstone,-30.7414,30.455,77.79,91,45,14.7,ZA,2021-01-31 18:16:28
542,Ketchikan,55.3422,-131.6461,35.6,80,1,8.05,US,2021-01-31 18:16:28
543,Vanimo,-2.6741,141.3028,77.45,89,100,10.89,PG,2021-01-31 18:16:28
544,Dumas,35.8656,-101.9732,51.01,40,1,19.57,US,2021-01-31 18:16:29
545,Bulgan,48.8125,103.5347,-10.93,85,67,3.58,MN,2021-01-31 18:16:29
546,Inta,66.0317,60.1659,8.62,91,69,5.95,RU,2021-01-31 18:16:30
547,Sawtell,-30.3833,153.1,69.8,94,40,1.14,AU,2021-01-31 18:16:30
548,Husavik,66.0449,-17.3389,6.8,78,0,2.3,IS,2021-01-31 18:16:30
549,Whitehorse,60.7161,-135.0538,-14.8,84,75,3.44,CA,2021-01-31 18:16:30
550,Vanavara,60.34,102.2797,-37.57,82,31,4.7,RU,2021-01-31 18:16:31
551,Byron Bay,-28.65,153.6167,69.8,83,90,6.91,AU,2021-01-31 18:16:31
552,Saint-Joseph,-21.3667,55.6167,80.6,65,0,8.05,RE,2021-01-31 18:16:31
553,Bintulu,3.1667,113.0333,77.0,100,40,6.46,MY,2021-01-31 18:16:31
554,La Rioja,42.25,-2.5,53.6,76,20,2.3,ES,2021-01-31 18:16:31
555,Port Hardy,50.6996,-127.4199,44.6,87,75,5.75,CA,2021-01-31 18:15:05
556,Banposh,22.25,84.8,51.46,41,0,0.76,IN,2021-01-31 18:16:32
557,Sinnamary,5.3833,-52.95,80.62,74,43,14.41,GF,2021-01-31 18:16:32
558,Sol-Iletsk,51.1631,54.9918,20.17,95,85,11.95,RU,2021-01-31 18:16:32
559,Lumajang,-8.1335,113.2248,74.86,88,100,2.35,ID,2021-01-31 18:16:33
560,Jiuquan,39.7432,98.5174,22.17,71,0,2.35,CN,2021-01-31 18:16:33
561,Bubaque,11.2833,-15.8333,78.94,69,86,13.33,GW,2021-01-31 18:16:33
562,Mulege,26.8833,-111.9833,65.98,40,91,10.25,MX,2021-01-31 18:16:33
563,Glendive,47.1053,-104.7125,32.0,93,1,9.22,US,2021-01-31 18:16:33
564,Baraya,3.1533,-75.0531,87.19,38,52,3.83,CO,2021-01-31 18:16:33
565,Frutigen,46.5878,7.6475,42.01,85,91,4.23,CH,2021-01-31 18:16:34
566,Domoni,-12.2569,44.5319,80.22,76,59,4.81,KM,2021-01-31 18:16:34
567,Tondano,1.3038,124.9112,75.2,100,40,2.3,ID,2021-01-31 18:16:34
568,Balakhta,55.38,91.6,-18.4,84,75,3.53,RU,2021-01-31 18:16:34
569,Beawar,26.1,74.3167,61.39,28,0,7.94,IN,2021-01-31 18:16:35
570,Dukat,62.55,155.55,-41.19,79,100,5.32,RU,2021-01-31 18:16:35
571,Ladovskaya Balka,45.6297,41.4023,45.05,83,99,13.73,RU,2021-01-31 18:16:35
572,San Andres,12.5847,-81.7006,84.2,65,20,14.97,CO,2021-01-31 18:16:35
573,Kuching,1.55,110.3333,77.0,94,20,4.61,MY,2021-01-31 18:16:36
574,Anadyr,64.75,177.4833,0.0,85,90,29.08,RU,2021-01-31 18:16:36
575,Ciechocinek,52.8791,18.7951,25.0,81,23,1.01,PL,2021-01-31 18:16:36
576,Salalah,17.0151,54.0924,73.4,64,0,3.44,OM,2021-01-31 18:16:37
577,Hervey Bay,-25.2986,152.8535,73.99,100,17,6.91,AU,2021-01-31 18:16:37
578,Svetlyy,54.675,20.1347,30.2,74,75,13.42,RU,2021-01-31 18:16:37
579,Iqaluit,63.7506,-68.5145,-5.8,71,75,2.3,CA,2021-01-31 18:16:37
580,Anaco,9.4389,-64.4728,89.87,43,51,10.11,VE,2021-01-31 18:16:38
581,Izyaslav,50.1195,26.8213,17.67,97,97,2.53,UA,2021-01-31 18:16:38
582,Kitoy,52.6,103.9,-32.8,75,0,1.28,RU,2021-01-31 18:16:39
583,Murud,18.3258,72.965,74.28,59,0,6.49,IN,2021-01-31 18:16:39
584,Mahenge,-8.6833,36.7167,66.6,100,100,3.65,TZ,2021-01-31 18:16:40
585,Stawell,-37.05,142.7667,56.53,71,17,4.68,AU,2021-01-31 18:16:40
586,Karachi,24.9056,67.0822,66.2,82,0,5.75,PK,2021-01-31 18:16:40
587,Ayan,56.45,138.1667,-17.84,76,100,13.38,RU,2021-01-31 18:16:41
588,Teguldet,57.3064,88.1667,-19.21,85,95,7.49,RU,2021-01-31 18:16:41
589,Hay River,60.8156,-115.7999,-13.0,70,100,3.44,CA,2021-01-31 18:16:42
590,Meulaboh,4.1363,96.1285,76.53,87,79,4.81,ID,2021-01-31 18:16:42
591,Belen,36.4891,36.2233,50.0,76,40,6.91,TR,2021-01-31 18:16:42
592,Dedovichi,57.5517,29.9502,22.89,97,98,9.26,RU,2021-01-31 18:16:42
593,Emba,48.8264,58.1442,17.02,92,60,6.64,KZ,2021-01-31 18:16:43
594,Nishihara,26.1842,127.7558,64.4,67,40,5.75,JP,2021-01-31 18:16:43
595,Juba,4.8517,31.5825,88.27,18,91,6.67,SS,2021-01-31 18:16:43
596,Kuala Terengganu,5.3302,103.1408,78.8,83,40,8.05,MY,2021-01-31 18:16:44
597,Pingliang,35.5392,106.6861,30.33,68,68,5.32,CN,2021-01-31 18:16:44
598,Sioux Lookout,50.1001,-91.917,26.6,86,90,6.91,CA,2021-01-31 18:14:01
599,Mukhen,48.1,136.1,-12.42,84,26,4.25,RU,2021-01-31 18:16:45
600,Jaguaribe,-5.8906,-38.6219,93.65,34,100,6.51,BR,2021-01-31 18:16:45
601,Ciudad Bolivar,8.1222,-63.5497,90.48,48,92,14.34,VE,2021-01-31 18:16:45
602,Ouadda,8.0777,22.4007,80.38,24,0,3.91,CF,2021-01-31 18:16:45
603,Santo Antonio Do Ica,-3.1022,-67.9397,84.76,81,84,3.36,BR,2021-01-31 18:16:46
604,Lusambo,-4.9667,23.45,73.69,89,91,2.42,CD,2021-01-31 18:16:47
605,Saint-Jean-Port-Joli,47.2171,-70.2658,12.0,52,2,4.61,CA,2021-01-31 18:16:47
606,High Prairie,55.4334,-116.4858,3.2,85,0,2.3,CA,2021-01-31 18:16:48
607,Coquimbo,-29.9533,-71.3436,71.6,68,20,17.27,CL,2021-01-31 18:13:47
608,Dunedin,-45.8742,170.5036,60.01,71,100,1.01,NZ,2021-01-31 18:16:49
609,Ixtapa,20.7,-105.2,77.0,57,1,5.75,MX,2021-01-31 18:16:50
610,Auburndale,28.0653,-81.7887,77.0,53,20,14.97,US,2021-01-31 18:16:50
611,Moron,-34.6534,-58.6198,71.01,78,95,5.99,AR,2021-01-31 18:16:51
612,Sun Prairie,43.1836,-89.2137,30.99,86,90,16.11,US,2021-01-31 18:16:51
613,Mayor Pablo Lagerenza,-19.9309,-60.7718,90.28,48,100,8.03,PY,2021-01-31 18:16:52
614,Oranjemund,-28.55,16.4333,65.7,84,0,11.39,NA,2021-01-31 18:16:53
615,Bambanglipuro,-7.95,110.2833,77.76,84,100,2.3,ID,2021-01-31 18:16:53
616,Rapid Valley,44.0625,-103.1463,46.0,36,1,9.22,US,2021-01-31 18:14:46
617,Angoche,-16.2325,39.9086,81.79,78,88,12.1,MZ,2021-01-31 18:16:54
618,Kargasok,59.0556,80.8572,-12.26,88,100,10.6,RU,2021-01-31 18:16:55
619,Sao Gabriel Da Cachoeira,-0.1303,-67.0892,85.51,75,77,1.74,BR,2021-01-31 18:16:55
620,Eirunepe,-6.6603,-69.8736,74.82,93,100,4.18,BR,2021-01-31 18:16:56
621,Guiratinga,-16.3494,-53.7583,90.01,47,54,7.27,BR,2021-01-31 18:16:56
622,Nata,8.3333,-80.5167,91.4,49,20,14.97,PA,2021-01-31 18:16:56
623,Calama,-22.4667,-68.9333,77.0,9,0,23.02,CL,2021-01-31 18:16:57
624,Garhi Khairo,28.0606,67.9803,63.54,26,0,8.32,PK,2021-01-31 18:16:57
625,Kendari,-3.945,122.4989,76.46,88,100,1.14,ID,2021-01-31 18:16:58
626,Ahar,38.4774,47.0699,31.96,90,100,8.05,IR,2021-01-31 18:16:58
627,Pudukkottai,10.3833,78.8167,75.2,83,20,6.91,IN,2021-01-31 18:16:59
628,Florianopolis,-27.6146,-48.5012,91.0,74,75,12.66,BR,2021-01-31 18:16:59
629,San Rafael,-34.6177,-68.3301,55.26,87,100,12.95,AR,2021-01-31 18:16:59
630,Snina,48.9886,22.151,19.0,80,100,4.09,SK,2021-01-31 18:12:16
631,Ust-Tsilma,65.441,52.1498,15.19,96,94,5.91,RU,2021-01-31 18:17:00
632,Dicabisagan,17.0818,122.4157,71.64,82,97,8.37,PH,2021-01-31 18:17:01
633,Santana Do Livramento,-30.8908,-55.5328,79.11,73,100,4.25,BR,2021-01-31 18:15:27
634,Faanui,-16.4833,-151.75,81.1,73,100,10.25,PF,2021-01-31 18:17:02
635,Puerto Baquerizo Moreno,-0.9,-89.6,86.0,70,75,14.97,EC,2021-01-31 18:17:03
636,Pouebo,-20.4,164.5667,75.33,80,93,12.17,NC,2021-01-31 18:17:04
637,Alyangula,-13.8483,136.4192,82.4,83,84,4.61,AU,2021-01-31 18:17:04
638,Svetlaya,46.5389,138.3297,0.45,81,42,5.12,RU,2021-01-31 18:17:05
639,Olafsvik,64.8945,-23.7142,28.29,95,100,10.36,IS,2021-01-31 18:17:07
640,Quatre Cocos,-20.2078,57.7625,81.0,78,40,12.66,MU,2021-01-31 18:17:07
641,Cefalu,38.0386,14.0229,55.99,61,29,20.0,IT,2021-01-31 18:17:07
642,Gurupi,-11.7292,-49.0686,86.4,62,36,4.09,BR,2021-01-31 18:17:08
643,Nago,26.5881,127.9761,64.4,87,1,5.75,JP,2021-01-31 18:17:09
644,Demerval Lobao,-5.3583,-42.6764,80.6,78,75,5.75,BR,2021-01-31 18:17:10
645,Korla,41.7597,86.1469,22.69,81,43,2.35,CN,2021-01-31 18:17:10
646,Barsi,18.2333,75.7,76.91,33,4,9.13,IN,2021-01-31 18:17:11
647,Velykyy Klyuchiv,48.4709,24.9468,28.4,80,90,2.24,UA,2021-01-31 18:17:11
648,Villaviciosa,43.4813,-5.4357,60.8,67,75,25.32,ES,2021-01-31 18:17:11
649,Progreso,21.2833,-89.6667,88.0,48,1,9.22,MX,2021-01-31 18:17:11
650,Vestmanna,62.1564,-7.1664,26.6,68,75,5.75,FO,2021-01-31 18:17:12
651,Malanje,-9.5402,16.341,66.83,89,96,5.46,AO,2021-01-31 18:17:13
652,Qaqortoq,60.7167,-46.0333,39.2,30,75,26.46,GL,2021-01-31 18:17:13
653,Leshukonskoye,64.8989,45.7622,12.61,96,95,4.97,RU,2021-01-31 18:17:13
654,Chulym,55.0997,80.9572,-7.44,84,73,7.58,RU,2021-01-31 18:17:13
655,Mga,59.75,31.0667,25.0,73,93,3.83,RU,2021-01-31 18:17:14
656,Santa Luzia,-19.7697,-43.8514,87.8,42,40,3.44,BR,2021-01-31 18:13:41
657,Ust-Kulom,61.6864,53.6902,29.25,97,100,12.84,RU,2021-01-31 18:17:15
658,Panama City,8.9936,-79.5197,89.6,58,20,14.97,PA,2021-01-31 18:14:46
659,Lakes Entrance,-37.8811,147.981,55.99,92,11,3.8,AU,2021-01-31 18:17:15
660,Bayir,37.2687,28.2167,57.2,67,75,12.66,TR,2021-01-31 18:17:16
661,Maceio,-9.6658,-35.7353,86.0,66,40,12.66,BR,2021-01-31 18:17:16
662,Wahiawa,21.5028,-158.0236,71.6,94,75,4.61,US,2021-01-31 18:17:17
663,Khasan,42.4308,130.6434,15.82,96,67,4.92,RU,2021-01-31 18:17:17
664,Hovd,48.0056,91.6419,5.09,88,0,2.21,MN,2021-01-31 18:17:17
665,Acari,-15.4311,-74.6158,83.62,41,28,12.06,PE,2021-01-31 18:17:18
666,Tooele,40.5308,-112.2983,35.6,69,1,3.44,US,2021-01-31 18:16:07
667,Andapa,-14.65,49.65,70.02,90,18,0.63,MG,2021-01-31 18:17:19
668,Monte Mor,-22.9467,-47.3158,87.8,55,40,9.22,BR,2021-01-31 18:12:35
669,Cabedelo,-6.9811,-34.8339,86.0,66,75,16.11,BR,2021-01-31 18:17:19
670,Panaba,21.2833,-88.2667,83.32,53,33,5.03,MX,2021-01-31 18:17:19
671,Rafai,4.95,23.9167,80.38,25,100,2.26,CF,2021-01-31 18:17:20
672,Shimoda,34.6667,138.95,36.0,64,79,7.07,JP,2021-01-31 18:17:20
673,Urumqi,43.801,87.6005,1.4,85,40,2.24,CN,2021-01-31 18:16:15
674,Korfovskiy,48.2183,135.0564,-13.0,64,0,4.47,RU,2021-01-31 18:17:20
675,Turukhansk,65.8167,87.9833,-14.6,83,100,10.76,RU,2021-01-31 18:17:21
676,Beloha,-25.1667,45.05,78.39,78,6,3.2,MG,2021-01-31 18:17:21
677,Ostersund,63.1792,14.6357,12.0,92,75,1.41,SE,2021-01-31 18:17:21
678,Havoysund,70.9963,24.6622,30.2,86,75,18.41,NO,2021-01-31 18:17:23
679,Karratha,-20.7377,116.8463,88.21,52,82,14.9,AU,2021-01-31 18:17:23
